comment_limit,comment_sort,_reddit,approved_at_utc,subreddit,selftext,author_fullname,saved,mod_reason_title,gilded,clicked,title,link_flair_richtext,subreddit_name_prefixed,hidden,pwls,link_flair_css_class,downs,thumbnail_height,top_awarded_type,hide_score,name,quarantine,link_flair_text_color,upvote_ratio,author_flair_background_color,ups,total_awards_received,media_embed,thumbnail_width,author_flair_template_id,is_original_content,user_reports,secure_media,is_reddit_media_domain,is_meta,category,secure_media_embed,link_flair_text,can_mod_post,score,approved_by,is_created_from_ads_ui,author_premium,thumbnail,edited,author_flair_css_class,author_flair_richtext,gildings,post_hint,content_categories,is_self,subreddit_type,created,link_flair_type,wls,removed_by_category,banned_by,author_flair_type,domain,allow_live_comments,selftext_html,likes,suggested_sort,banned_at_utc,url_overridden_by_dest,view_count,archived,no_follow,is_crosspostable,pinned,over_18,preview,all_awardings,awarders,media_only,link_flair_template_id,can_gild,spoiler,locked,author_flair_text,treatment_tags,visited,removed_by,mod_note,distinguished,subreddit_id,author_is_blocked,mod_reason_by,num_reports,removal_reason,link_flair_background_color,id,is_robot_indexable,report_reasons,author,discussion_type,num_comments,send_replies,contest_mode,mod_reports,author_patreon_flair,author_flair_text_color,permalink,stickied,url,subreddit_subscribers,created_utc,num_crossposts,media,is_video,_fetched,_additional_fetch_params,_comments_by_id,crosspost_parent_list,crosspost_parent
2048,confidence,<praw.reddit.Reddit object at 0x7f766a0ad3a0>,,technology,,t2_s81nffxuz,False,,0,False,Hundreds of Subreddits Are Considering Banning All Links to X,[],r/technology,False,6,general,0,84.0,,False,t3_1i7gufa,False,dark,0.7,,171686,0,{},140.0,,False,[],,False,False,,{},Social Media,False,171686,,False,False,https://b.thumbs.redditmedia.com/LSiXQLNGLqD0-WPhsYoTUw7_PJTPdIkOkz6JB9jRmPE.jpg,False,,[],{},link,,False,public,1737567578.0,text,6,,,text,404media.co,False,,,,,https://www.404media.co/hundreds-of-subreddits-are-considering-banning-all-links-to-x/,,False,False,False,False,False,"{'images': [{'source': {'url': 'https://external-preview.redd.it/6OtfdTt1rFp0u-yCm2cmhMJH1SzBEZbhpRgtCMvnrGw.jpg?auto=webp&s=f0dbdd4214a25d7f83a1e3d0927f6c5a910aad69', 'width': 1200, 'height': 722}, 'resolutions': [{'url': 'https://external-preview.redd.it/6OtfdTt1rFp0u-yCm2cmhMJH1SzBEZbhpRgtCMvnrGw.jpg?width=108&crop=smart&auto=webp&s=27327468093a077d2e0df3dc5b050678cd49c4b6', 'width': 108, 'height': 64}, {'url': 'https://external-preview.redd.it/6OtfdTt1rFp0u-yCm2cmhMJH1SzBEZbhpRgtCMvnrGw.jpg?width=216&crop=smart&auto=webp&s=37fbaacdf16f78f432f3f3f5cb7ab529d8c028db', 'width': 216, 'height': 129}, {'url': 'https://external-preview.redd.it/6OtfdTt1rFp0u-yCm2cmhMJH1SzBEZbhpRgtCMvnrGw.jpg?width=320&crop=smart&auto=webp&s=7449c3cc58aaa48a59c693e903470d57cd5fef51', 'width': 320, 'height': 192}, {'url': 'https://external-preview.redd.it/6OtfdTt1rFp0u-yCm2cmhMJH1SzBEZbhpRgtCMvnrGw.jpg?width=640&crop=smart&auto=webp&s=2851bdf6a2dbfdd1d3ba5728815c925ba9e6111b', 'width': 640, 'height': 385}, {'url': 'https://external-preview.redd.it/6OtfdTt1rFp0u-yCm2cmhMJH1SzBEZbhpRgtCMvnrGw.jpg?width=960&crop=smart&auto=webp&s=efd32a3e8b8bc8d3cadcd4efc1c5e6f4d761aba2', 'width': 960, 'height': 577}, {'url': 'https://external-preview.redd.it/6OtfdTt1rFp0u-yCm2cmhMJH1SzBEZbhpRgtCMvnrGw.jpg?width=1080&crop=smart&auto=webp&s=5a05748b3594320141b944851bccf424792f8297', 'width': 1080, 'height': 649}], 'variants': {}, 'id': '-qHvIvuSjr5wPxLe-u0Ad1PaaYe6Lix4yTsACsXR1kQ'}], 'enabled': False}",[],[],False,7d4d8376-a816-11e9-a92d-0e6b9fa95170,False,False,False,,[],False,,,,t5_2qh16,False,,,,,1i7gufa,True,,DomesticErrorist22,,7049,True,False,[],False,,/r/technology/comments/1i7gufa/hundreds_of_subreddits_are_considering_banning/,False,https://www.404media.co/hundreds-of-subreddits-are-considering-banning-all-links-to-x/,18370912,2025-01-22 17:39:38,39,,False,False,{},{},,
2048,confidence,<praw.reddit.Reddit object at 0x7f766a0ad3a0>,,technology,,t2_123jub,False,,6,False,"Reddit bans subreddit group ""r/DonaldTrump""",[],r/technology,False,6,general,0,78.0,,False,t3_kt785i,False,dark,0.76,,147250,0,{},140.0,,False,[],,False,False,,{},Social Media,False,147250,,False,False,https://b.thumbs.redditmedia.com/B09y77DITWLrY6zvJMtswql_F9io41e1YhkPw_Tj8lQ.jpg,False,,[],{},link,,False,public,1610127075.0,text,6,,,text,axios.com,True,,,,,https://www.axios.com/reddit-bans-rdonaldtrump-subreddit-ff1da2de-37ab-49cf-afbd-2012f806959e.html,,True,False,False,False,False,"{'images': [{'source': {'url': 'https://external-preview.redd.it/dE4R-RzdHIBOGZ4nSXLlUyXa1sR88VlPlAjVLzoKass.jpg?auto=webp&s=f43f10d9f207b0eaa2263e62e9c54cef21b244f2', 'width': 1366, 'height': 768}, 'resolutions': [{'url': 'https://external-preview.redd.it/dE4R-RzdHIBOGZ4nSXLlUyXa1sR88VlPlAjVLzoKass.jpg?width=108&crop=smart&auto=webp&s=0f64abd8ced7b97a1a95dc3a085617d475bc20c9', 'width': 108, 'height': 60}, {'url': 'https://external-preview.redd.it/dE4R-RzdHIBOGZ4nSXLlUyXa1sR88VlPlAjVLzoKass.jpg?width=216&crop=smart&auto=webp&s=85bf4b568d18d16a373c22318758cd493176be37', 'width': 216, 'height': 121}, {'url': 'https://external-preview.redd.it/dE4R-RzdHIBOGZ4nSXLlUyXa1sR88VlPlAjVLzoKass.jpg?width=320&crop=smart&auto=webp&s=e95a4e1198bcc212dc60b96909802051e95cd329', 'width': 320, 'height': 179}, {'url': 'https://external-preview.redd.it/dE4R-RzdHIBOGZ4nSXLlUyXa1sR88VlPlAjVLzoKass.jpg?width=640&crop=smart&auto=webp&s=f7211cfc53640eb9e4cba98110b79b3455b1116b', 'width': 640, 'height': 359}, {'url': 'https://external-preview.redd.it/dE4R-RzdHIBOGZ4nSXLlUyXa1sR88VlPlAjVLzoKass.jpg?width=960&crop=smart&auto=webp&s=8f74a57756cc555b6943129734f528c239b720a1', 'width': 960, 'height': 539}, {'url': 'https://external-preview.redd.it/dE4R-RzdHIBOGZ4nSXLlUyXa1sR88VlPlAjVLzoKass.jpg?width=1080&crop=smart&auto=webp&s=6f9ea0125185f9b8aab7ff35a80882174365bf55', 'width': 1080, 'height': 607}], 'variants': {}, 'id': 'EGfPdjBHIas9PzltrnQDZ5_Y3T5kDZ6sGHc3MHoncl0'}], 'enabled': False}",[],[],False,7d4d8376-a816-11e9-a92d-0e6b9fa95170,False,False,False,,[],False,,,,t5_2qh16,False,,,,,kt785i,True,,Ketsetri,,10288,True,False,[],False,,/r/technology/comments/kt785i/reddit_bans_subreddit_group_rdonaldtrump/,False,https://www.axios.com/reddit-bans-rdonaldtrump-subreddit-ff1da2de-37ab-49cf-afbd-2012f806959e.html,18370912,2021-01-08 17:31:15,30,,False,False,{},{},,
2048,confidence,<praw.reddit.Reddit object at 0x7f766a0ad3a0>,,technology,,,False,,6,False,Congress has set out a bill to stop the FCC taking away our internet. PLEASE SPREAD THIS AS MUCH AS YOU CAN.,[],r/technology,False,6,netneutrality,0,73.0,,False,t3_7j6kn4,False,dark,0.88,,140034,0,{},140.0,,False,[],,False,False,,{},Net Neutrality,False,140034,,False,,https://b.thumbs.redditmedia.com/ViodFC-Rzx_W_2VJSescDepAj_lVPc8XlqlzCP2peXo.jpg,False,,,{},link,,False,public,1513037063.0,text,6,,,,congress.gov,True,,,,,https://www.congress.gov/bill/115th-congress/house-bill/4585,,True,False,False,False,False,"{'images': [{'source': {'url': 'https://external-preview.redd.it/8gPxSVoppp7KipwNgOQK0WDSWvwDwOOj0vOGt47jvXY.jpg?auto=webp&s=2e70de6f3e6b6a22305389b3744a5c880b1afc28', 'width': 1200, 'height': 630}, 'resolutions': [{'url': 'https://external-preview.redd.it/8gPxSVoppp7KipwNgOQK0WDSWvwDwOOj0vOGt47jvXY.jpg?width=108&crop=smart&auto=webp&s=e6313ff34e1e00c1b8df9269f49161c44abde845', 'width': 108, 'height': 56}, {'url': 'https://external-preview.redd.it/8gPxSVoppp7KipwNgOQK0WDSWvwDwOOj0vOGt47jvXY.jpg?width=216&crop=smart&auto=webp&s=ad5b0643112ffc3b982eefb913442a95d5ad8766', 'width': 216, 'height': 113}, {'url': 'https://external-preview.redd.it/8gPxSVoppp7KipwNgOQK0WDSWvwDwOOj0vOGt47jvXY.jpg?width=320&crop=smart&auto=webp&s=4f2e75362b2befaea23b7f3a7a2512638f2e10e2', 'width': 320, 'height': 168}, {'url': 'https://external-preview.redd.it/8gPxSVoppp7KipwNgOQK0WDSWvwDwOOj0vOGt47jvXY.jpg?width=640&crop=smart&auto=webp&s=5021a623b61fa686593379e249d0f86a4f6df54f', 'width': 640, 'height': 336}, {'url': 'https://external-preview.redd.it/8gPxSVoppp7KipwNgOQK0WDSWvwDwOOj0vOGt47jvXY.jpg?width=960&crop=smart&auto=webp&s=d2310f3a426441bf9ad1a94b6675ad40f5b525ae', 'width': 960, 'height': 504}, {'url': 'https://external-preview.redd.it/8gPxSVoppp7KipwNgOQK0WDSWvwDwOOj0vOGt47jvXY.jpg?width=1080&crop=smart&auto=webp&s=c53f08b10fe13ef42cf4d0a1e22b8a3b090012c9', 'width': 1080, 'height': 567}], 'variants': {}, 'id': 'x-mFRDU3-kcyIOmXC3RM_UAa2Z1EZ19_pcw4l4KSz4U'}], 'enabled': False}",[],[],False,c9608050-cc2f-11e4-9fef-22000b220002,False,False,False,,[],False,,,,t5_2qh16,False,,,,,7j6kn4,True,,None,,1540,True,False,[],,dark,/r/technology/comments/7j6kn4/congress_has_set_out_a_bill_to_stop_the_fcc/,False,https://www.congress.gov/bill/115th-congress/house-bill/4585,18370912,2017-12-12 00:04:23,0,,False,False,{},{},"[{'approved_at_utc': None, 'subreddit': 'MarchForNetNeutrality', 'selftext': '', 'author_fullname': 't2_14vxns', 'saved': False, 'mod_reason_title': None, 'gilded': 0, 'clicked': False, 'title': 'Congress has set out a bill to stop the FCC taking away our internet. PLEASE SPREAD THIS AS MUCH AS YOU CAN.', 'link_flair_richtext': [], 'subreddit_name_prefixed': 'r/MarchForNetNeutrality', 'hidden': False, 'pwls': None, 'link_flair_css_class': None, 'downs': 0, 'thumbnail_height': 73, 'top_awarded_type': None, 'hide_score': False, 'name': 't3_7j35jb', 'quarantine': False, 'link_flair_text_color': 'dark', 'upvote_ratio': 0.98, 'author_flair_background_color': None, 'subreddit_type': 'restricted', 'ups': 11355, 'total_awards_received': 0, 'media_embed': {}, 'thumbnail_width': 140, 'author_flair_template_id': None, 'is_original_content': False, 'user_reports': [], 'secure_media': None, 'is_reddit_media_domain': False, 'is_meta': False, 'category': None, 'secure_media_embed': {}, 'link_flair_text': None, 'can_mod_post': False, 'score': 11355, 'approved_by': None, 'is_created_from_ads_ui': False, 'author_premium': False, 'thumbnail': 'https://b.thumbs.redditmedia.com/ViodFC-Rzx_W_2VJSescDepAj_lVPc8XlqlzCP2peXo.jpg', 'edited': False, 'author_flair_css_class': None, 'author_flair_richtext': [], 'gildings': {}, 'post_hint': 'link', 'content_categories': None, 'is_self': False, 'mod_note': None, 'created': 1513008712.0, 'link_flair_type': 'text', 'wls': None, 'removed_by_category': None, 'banned_by': None, 'author_flair_type': 'text', 'domain': 'congress.gov', 'allow_live_comments': True, 'selftext_html': None, 'likes': None, 'suggested_sort': None, 'banned_at_utc': None, 'url_overridden_by_dest': 'https://www.congress.gov/bill/115th-congress/house-bill/4585', 'view_count': None, 'archived': False, 'no_follow': False, 'is_crosspostable': False, 'pinned': False, 'over_18': False, 'preview': {'images': [{'source': {'url': 'https://external-preview.redd.it/8gPxSVoppp7KipwNgOQK0WDSWvwDwOOj0vOGt47jvXY.jpg?auto=webp&s=2e70de6f3e6b6a22305389b3744a5c880b1afc28', 'width': 1200, 'height': 630}, 'resolutions': [{'url': 'https://external-preview.redd.it/8gPxSVoppp7KipwNgOQK0WDSWvwDwOOj0vOGt47jvXY.jpg?width=108&crop=smart&auto=webp&s=e6313ff34e1e00c1b8df9269f49161c44abde845', 'width': 108, 'height': 56}, {'url': 'https://external-preview.redd.it/8gPxSVoppp7KipwNgOQK0WDSWvwDwOOj0vOGt47jvXY.jpg?width=216&crop=smart&auto=webp&s=ad5b0643112ffc3b982eefb913442a95d5ad8766', 'width': 216, 'height': 113}, {'url': 'https://external-preview.redd.it/8gPxSVoppp7KipwNgOQK0WDSWvwDwOOj0vOGt47jvXY.jpg?width=320&crop=smart&auto=webp&s=4f2e75362b2befaea23b7f3a7a2512638f2e10e2', 'width': 320, 'height': 168}, {'url': 'https://external-preview.redd.it/8gPxSVoppp7KipwNgOQK0WDSWvwDwOOj0vOGt47jvXY.jpg?width=640&crop=smart&auto=webp&s=5021a623b61fa686593379e249d0f86a4f6df54f', 'width': 640, 'height': 336}, {'url': 'https://external-preview.redd.it/8gPxSVoppp7KipwNgOQK0WDSWvwDwOOj0vOGt47jvXY.jpg?width=960&crop=smart&auto=webp&s=d2310f3a426441bf9ad1a94b6675ad40f5b525ae', 'width': 960, 'height': 504}, {'url': 'https://external-preview.redd.it/8gPxSVoppp7KipwNgOQK0WDSWvwDwOOj0vOGt47jvXY.jpg?width=1080&crop=smart&auto=webp&s=c53f08b10fe13ef42cf4d0a1e22b8a3b090012c9', 'width': 1080, 'height': 567}], 'variants': {}, 'id': 'x-mFRDU3-kcyIOmXC3RM_UAa2Z1EZ19_pcw4l4KSz4U'}], 'enabled': False}, 'all_awardings': [], 'awarders': [], 'media_only': False, 'can_gild': False, 'spoiler': False, 'locked': False, 'author_flair_text': None, 'treatment_tags': [], 'visited': False, 'removed_by': None, 'num_reports': None, 'distinguished': None, 'subreddit_id': 't5_3kh91', 'author_is_blocked': False, 'mod_reason_by': None, 'removal_reason': None, 'link_flair_background_color': '', 'id': '7j35jb', 'is_robot_indexable': True, 'report_reasons': None, 'author': 'gwidj', 'discussion_type': None, 'num_comments': 374, 'send_replies': False, 'contest_mode': False, 'mod_reports': [], 'author_patreon_flair': False, 'author_flair_text_color': None, 'permalink': '/r/MarchForNetNeutrality/comments/7j35jb/congress_has_set_out_a_bill_to_stop_the_fcc/', 'stickied': False, 'url': 'https://www.congress.gov/bill/115th-congress/house-bill/4585', 'subreddit_subscribers': 11328, 'created_utc': 1513008712.0, 'num_crossposts': 123, 'media': None, 'is_video': False}]",t3_7j35jb
2048,confidence,<praw.reddit.Reddit object at 0x7f766a0ad3a0>,,technology,,t2_4daatxkf,False,,1,False,John Oliver Blackmails Congress With Their Own Digital Data - The ‘Last Week Tonight’ host paid shady brokers for lawmakers’ digital histories — promising not to release the info so long as Congress passes legislation protecting all consumers’ data,[],r/technology,False,6,general,0,78.0,,False,t3_u178zp,False,dark,0.91,,133039,0,{},140.0,,False,[],,False,False,,{},Privacy,False,133039,,False,False,https://b.thumbs.redditmedia.com/IvDpZqaFOI9O-hK91vEoPMHf3C99qo6zoAL5Kt5Xl6g.jpg,False,,[],{},link,,False,public,1649682114.0,text,6,,,text,rollingstone.com,True,,,,,https://www.rollingstone.com/tv/tv-news/last-week-tonight-john-oliver-recap-season-9-episode-7-congress-data-1335598/,,True,False,False,False,False,"{'images': [{'source': {'url': 'https://external-preview.redd.it/BsArqSSWW1QcxVohgr4xDLwECtlML5zQoTIthjFKq0w.jpg?auto=webp&s=e9b26e88e3266cda5d2a2122a68d5d05ac788542', 'width': 1600, 'height': 900}, 'resolutions': [{'url': 'https://external-preview.redd.it/BsArqSSWW1QcxVohgr4xDLwECtlML5zQoTIthjFKq0w.jpg?width=108&crop=smart&auto=webp&s=0f5fbc00df1654b9e141c142c82ee7d49c3df32a', 'width': 108, 'height': 60}, {'url': 'https://external-preview.redd.it/BsArqSSWW1QcxVohgr4xDLwECtlML5zQoTIthjFKq0w.jpg?width=216&crop=smart&auto=webp&s=d25f85f9e90da87d802b64778b847da9b7ee123a', 'width': 216, 'height': 121}, {'url': 'https://external-preview.redd.it/BsArqSSWW1QcxVohgr4xDLwECtlML5zQoTIthjFKq0w.jpg?width=320&crop=smart&auto=webp&s=7001c21eca671f3901a25182580ba6a9b24f218c', 'width': 320, 'height': 180}, {'url': 'https://external-preview.redd.it/BsArqSSWW1QcxVohgr4xDLwECtlML5zQoTIthjFKq0w.jpg?width=640&crop=smart&auto=webp&s=db8b46a83b030a88367ad6ce8c8d11ac691216c0', 'width': 640, 'height': 360}, {'url': 'https://external-preview.redd.it/BsArqSSWW1QcxVohgr4xDLwECtlML5zQoTIthjFKq0w.jpg?width=960&crop=smart&auto=webp&s=6f001612091154f889e8ce58e4d6b9cfd9b61d67', 'width': 960, 'height': 540}, {'url': 'https://external-preview.redd.it/BsArqSSWW1QcxVohgr4xDLwECtlML5zQoTIthjFKq0w.jpg?width=1080&crop=smart&auto=webp&s=9c2fe548d791bf1ac0216a26f11f43461643dc9c', 'width': 1080, 'height': 607}], 'variants': {}, 'id': 'LdoKwvIuO7FE8kSKSHR3EQX6I8NYppSHEGNHs5Mesj0'}], 'enabled': False}",[],[],False,73e6711c-a816-11e9-a993-0e21b1dd13b2,False,False,False,,[],False,,,,t5_2qh16,False,,,,,u178zp,True,,_hiddenscout,,5097,False,False,[],False,,/r/technology/comments/u178zp/john_oliver_blackmails_congress_with_their_own/,False,https://www.rollingstone.com/tv/tv-news/last-week-tonight-john-oliver-recap-season-9-episode-7-congress-data-1335598/,18370912,2022-04-11 13:01:54,19,,False,False,{},{},,
2048,confidence,<praw.reddit.Reddit object at 0x7f766a0ad3a0>,,technology,,t2_137bg0,False,,4,False,California-based game company Blizzard bans pro esports player and confiscates his prize money after he voices support for Hong Kong protesters,[],r/technology,False,6,general,0,70.0,,False,t3_df1g3g,False,dark,0.95,,129861,0,{},140.0,,False,[],,False,False,,{},Politics,False,129861,,False,False,https://b.thumbs.redditmedia.com/4gA4CjAgk2I4lynqJQCOZ4hDOtCbiOpPQLTgK2YNTik.jpg,False,,[],{},link,,False,public,1570548109.0,text,6,,,text,businessinsider.com,True,,,,,https://www.businessinsider.com/blizzard-bans-esports-player-blitzchung-supporting-hong-kong-protests-interview-2019-10,,True,False,False,False,False,"{'images': [{'source': {'url': 'https://external-preview.redd.it/6slSXmHPvCv0JyAMhUo7sO6x7tR8kDISXlNjeCWetkc.jpg?auto=webp&s=fe8f82edec0a975b9bb6b00574887d783b4c4157', 'width': 1200, 'height': 600}, 'resolutions': [{'url': 'https://external-preview.redd.it/6slSXmHPvCv0JyAMhUo7sO6x7tR8kDISXlNjeCWetkc.jpg?width=108&crop=smart&auto=webp&s=ae45df63eeb1d869f451fa84735f84c3db41a742', 'width': 108, 'height': 54}, {'url': 'https://external-preview.redd.it/6slSXmHPvCv0JyAMhUo7sO6x7tR8kDISXlNjeCWetkc.jpg?width=216&crop=smart&auto=webp&s=c60a5cbfddde02edc2967e9878930dc0cb906b15', 'width': 216, 'height': 108}, {'url': 'https://external-preview.redd.it/6slSXmHPvCv0JyAMhUo7sO6x7tR8kDISXlNjeCWetkc.jpg?width=320&crop=smart&auto=webp&s=8d77a3eda5ac4382aca36738228676d075596611', 'width': 320, 'height': 160}, {'url': 'https://external-preview.redd.it/6slSXmHPvCv0JyAMhUo7sO6x7tR8kDISXlNjeCWetkc.jpg?width=640&crop=smart&auto=webp&s=95bd80b3c49ad65aa03a18df594a9ece358d1e78', 'width': 640, 'height': 320}, {'url': 'https://external-preview.redd.it/6slSXmHPvCv0JyAMhUo7sO6x7tR8kDISXlNjeCWetkc.jpg?width=960&crop=smart&auto=webp&s=1d005048efd1d0852b3656873abbc946e88e4a29', 'width': 960, 'height': 480}, {'url': 'https://external-preview.redd.it/6slSXmHPvCv0JyAMhUo7sO6x7tR8kDISXlNjeCWetkc.jpg?width=1080&crop=smart&auto=webp&s=d3c1da165a1c9c2a2e4893c200919d72c5f63e5d', 'width': 1080, 'height': 540}], 'variants': {}, 'id': 'Maa1zJiT1BAP6sbRl4oRGm7x9KmvDSGuDwmwrmd17o4'}], 'enabled': False}",[],[],False,70f05306-a816-11e9-b261-0e41843d240e,False,False,False,,[],False,,,,t5_2qh16,False,,,,,df1g3g,True,,tocreatewebsite,,6916,True,False,[],False,,/r/technology/comments/df1g3g/californiabased_game_company_blizzard_bans_pro/,False,https://www.businessinsider.com/blizzard-bans-esports-player-blitzchung-supporting-hong-kong-protests-interview-2019-10,18370912,2019-10-08 15:21:49,19,,False,False,{},{},,
2048,confidence,<praw.reddit.Reddit object at 0x7f766a0ad3a0>,,technology,,t2_dqjkl,False,,5,False,"Joe Biden calls game developers ""little creeps"" who make titles that ""teach you how to kill""",[],r/technology,False,6,general,0,93.0,,False,t3_erd274,False,,0.85,,128352,0,{},140.0,,False,[],,False,False,,{},Politics,False,128352,,False,False,https://a.thumbs.redditmedia.com/FvOrD_wrNdNS7g9bij_fYrg9NuEmqWOpQ9gfJdSqcG8.jpg,False,,[],{},link,,False,public,1579526121.0,text,6,,,text,techspot.com,True,,,,,https://www.techspot.com/news/83623-joe-biden-calls-game-developers-little-creeps-who.html,,True,False,False,False,False,"{'images': [{'source': {'url': 'https://external-preview.redd.it/Ug7hjUFpElZ5OD04saoZ6-MQAhIkm0zzwS8nueERGI4.jpg?auto=webp&s=6824d2a154225869775b9437bbbbbabbbb17f652', 'width': 1260, 'height': 839}, 'resolutions': [{'url': 'https://external-preview.redd.it/Ug7hjUFpElZ5OD04saoZ6-MQAhIkm0zzwS8nueERGI4.jpg?width=108&crop=smart&auto=webp&s=75beac7d66060aeb8633d4d2f61d37521fd0330c', 'width': 108, 'height': 71}, {'url': 'https://external-preview.redd.it/Ug7hjUFpElZ5OD04saoZ6-MQAhIkm0zzwS8nueERGI4.jpg?width=216&crop=smart&auto=webp&s=ba6bf9ad645f91f893c1a94678526228eb2929af', 'width': 216, 'height': 143}, {'url': 'https://external-preview.redd.it/Ug7hjUFpElZ5OD04saoZ6-MQAhIkm0zzwS8nueERGI4.jpg?width=320&crop=smart&auto=webp&s=4e784c894dd3e6bb69291aba312ef5f518f5d2be', 'width': 320, 'height': 213}, {'url': 'https://external-preview.redd.it/Ug7hjUFpElZ5OD04saoZ6-MQAhIkm0zzwS8nueERGI4.jpg?width=640&crop=smart&auto=webp&s=5aaf963ec2ccf3a8a73a5da5f49d99540afc9982', 'width': 640, 'height': 426}, {'url': 'https://external-preview.redd.it/Ug7hjUFpElZ5OD04saoZ6-MQAhIkm0zzwS8nueERGI4.jpg?width=960&crop=smart&auto=webp&s=197efbce534cbe87cf42e3580be396594e1e39fc', 'width': 960, 'height': 639}, {'url': 'https://external-preview.redd.it/Ug7hjUFpElZ5OD04saoZ6-MQAhIkm0zzwS8nueERGI4.jpg?width=1080&crop=smart&auto=webp&s=2d1e880a5e596e9e2bc1aa139e6dfd0257611f11', 'width': 1080, 'height': 719}], 'variants': {}, 'id': 'Vg0jP2Pml7Z1hmOM8OpgIpIMDV8FISL1RgqkcOK-P-A'}], 'enabled': False}",[],[],False,70f05306-a816-11e9-b261-0e41843d240e,False,False,True,,[],False,,,,t5_2qh16,False,,,,,erd274,True,,topredditgeek,,10174,False,False,[],False,,/r/technology/comments/erd274/joe_biden_calls_game_developers_little_creeps_who/,False,https://www.techspot.com/news/83623-joe-biden-calls-game-developers-little-creeps-who.html,18370912,2020-01-20 13:15:21,83,,False,False,{},{},,
2048,confidence,<praw.reddit.Reddit object at 0x7f766a0ad3a0>,,technology,,t2_o70nx,False,,3,False,"Hacker collective Anonymous declares 'cyber war' against Russia, disables state news website",[],r/technology,False,6,general,0,78.0,,False,t3_t0y163,False,dark,0.89,,127476,0,{},140.0,,False,[],,False,False,,{},Misleading,False,127476,,False,False,https://a.thumbs.redditmedia.com/O_TUJkTvjlpSNYaqfCKy7p9UZH3YvDQ7s_2wg8ZQmx4.jpg,False,,[],{},link,,False,public,1645773960.0,text,6,,,text,abc.net.au,True,,,,,https://www.abc.net.au/news/science/2022-02-25/hacker-collective-anonymous-declares-cyber-war-against-russia/100861160,,True,False,False,False,False,"{'images': [{'source': {'url': 'https://external-preview.redd.it/RO5HgakytTwrIK0mULKTI6MVvBCqqz764BWX21XEovk.jpg?auto=webp&s=4776e8a2246605fbb27f0d5f6e1c51666a8a231d', 'width': 862, 'height': 485}, 'resolutions': [{'url': 'https://external-preview.redd.it/RO5HgakytTwrIK0mULKTI6MVvBCqqz764BWX21XEovk.jpg?width=108&crop=smart&auto=webp&s=087d38cbd30bd7ff3d8d00ac3ec91af5ebbab624', 'width': 108, 'height': 60}, {'url': 'https://external-preview.redd.it/RO5HgakytTwrIK0mULKTI6MVvBCqqz764BWX21XEovk.jpg?width=216&crop=smart&auto=webp&s=ff7e7e1f477cff2bd4c214bd35c053756d2ef287', 'width': 216, 'height': 121}, {'url': 'https://external-preview.redd.it/RO5HgakytTwrIK0mULKTI6MVvBCqqz764BWX21XEovk.jpg?width=320&crop=smart&auto=webp&s=759059e0145c2642fc26ab2f56c733493a8b2c37', 'width': 320, 'height': 180}, {'url': 'https://external-preview.redd.it/RO5HgakytTwrIK0mULKTI6MVvBCqqz764BWX21XEovk.jpg?width=640&crop=smart&auto=webp&s=eead87fcbb1c08bc7cd2993abc0b3f0294a09c24', 'width': 640, 'height': 360}], 'variants': {}, 'id': 'i2ldPjC17PMmaGf0kwjFwSVsiPPBhgiVAkOOQbSjBZE'}], 'enabled': False}",[],[],False,93cabf38-a816-11e9-81b4-0e3a989daf76,False,False,False,,[],False,,,,t5_2qh16,False,,,,,t0y163,True,,bhodrolok,,3346,True,False,[],False,,/r/technology/comments/t0y163/hacker_collective_anonymous_declares_cyber_war/,False,https://www.abc.net.au/news/science/2022-02-25/hacker-collective-anonymous-declares-cyber-war-against-russia/100861160,18370912,2022-02-25 07:26:00,20,,False,False,{},{},,
2048,confidence,<praw.reddit.Reddit object at 0x7f766a0ad3a0>,,technology,,t2_4e88rhze,False,,0,False,President of USA wants to ban advertising targeted toward kids,[],r/technology,False,6,general,0,93.0,,False,t3_t4ynmb,False,dark,0.79,,121357,0,{},140.0,,False,[],,False,False,,{},Misleading,False,121357,,False,False,https://a.thumbs.redditmedia.com/sKpkuIylJ1BABvTQmAj-KMMIEN9OzQOPvfdMA1gsOB0.jpg,False,,[],{},link,,False,public,1646222547.0,text,6,,,text,engadget.com,True,,,,,https://www.engadget.com/biden-wants-to-ban-advertising-targeted-toward-kids-052140748.html,,True,False,False,False,False,"{'images': [{'source': {'url': 'https://external-preview.redd.it/OgbGheDNxRUCbRo5eomdpVFk_a2Nu456goAa5qL0_LY.jpg?auto=webp&s=3e4a81d923b30da65a7fd1a2399f6513da3388f6', 'width': 1200, 'height': 800}, 'resolutions': [{'url': 'https://external-preview.redd.it/OgbGheDNxRUCbRo5eomdpVFk_a2Nu456goAa5qL0_LY.jpg?width=108&crop=smart&auto=webp&s=a37ddebfc6df3471f317975eee7e44c46bea9014', 'width': 108, 'height': 72}, {'url': 'https://external-preview.redd.it/OgbGheDNxRUCbRo5eomdpVFk_a2Nu456goAa5qL0_LY.jpg?width=216&crop=smart&auto=webp&s=9f2623085656392b8555ccc2f93cc26f9358a288', 'width': 216, 'height': 144}, {'url': 'https://external-preview.redd.it/OgbGheDNxRUCbRo5eomdpVFk_a2Nu456goAa5qL0_LY.jpg?width=320&crop=smart&auto=webp&s=d23f36cb97317181834dadb4622054c7304e4ea4', 'width': 320, 'height': 213}, {'url': 'https://external-preview.redd.it/OgbGheDNxRUCbRo5eomdpVFk_a2Nu456goAa5qL0_LY.jpg?width=640&crop=smart&auto=webp&s=03b7ef3a23286a33cae3d88c2cfed5ec05bdb847', 'width': 640, 'height': 426}, {'url': 'https://external-preview.redd.it/OgbGheDNxRUCbRo5eomdpVFk_a2Nu456goAa5qL0_LY.jpg?width=960&crop=smart&auto=webp&s=9b60bad46f810a8cea76499db346ce4a6afd9b98', 'width': 960, 'height': 640}, {'url': 'https://external-preview.redd.it/OgbGheDNxRUCbRo5eomdpVFk_a2Nu456goAa5qL0_LY.jpg?width=1080&crop=smart&auto=webp&s=e141b145047dc5414f8082f15a206c32e3e9c3da', 'width': 1080, 'height': 720}], 'variants': {}, 'id': 'jYSl2AQ2nExgGIJAza3nP2_y-SeTgaOuftW5Kq7JiiA'}], 'enabled': False}",[],[],False,93cabf38-a816-11e9-81b4-0e3a989daf76,False,False,False,,[],False,,,,t5_2qh16,False,,,,,t4ynmb,True,,Sorin61,,3981,True,False,[],False,,/r/technology/comments/t4ynmb/president_of_usa_wants_to_ban_advertising/,False,https://www.engadget.com/biden-wants-to-ban-advertising-targeted-toward-kids-052140748.html,18370912,2022-03-02 12:02:27,3,,False,False,{},{},,
2048,confidence,<praw.reddit.Reddit object at 0x7f766a0ad3a0>,,technology,"All it takes is one call. It's our internet. 

**https://www.battleforthenet.com/**

**https://www.battleforthenet.com/**

**https://www.battleforthenet.com/**

**https://www.battleforthenet.com/**

**https://www.battleforthenet.com/**

**https://www.battleforthenet.com/**

**https://www.battleforthenet.com/**

EDIT: thank you for my first gold(s) kind strangers. All I want is for people to be aware and take action, not spend money on me.",t2_x0ppr,False,,7,False,"If Reddit was half as verbal about net neutrality as they are about Star Wars Battlefront II, then we could stop ISP's and the FCC",[],r/technology,False,6,netneutrality,0,,,False,t3_7dwqv6,False,,0.8,,121057,0,{},,,False,[],,False,False,,{},Net Neutrality,False,121057,,False,False,self,False,,[],{},self,,True,public,1511048667.0,text,6,,,text,self.technology,True,"<!-- SC_OFF --><div class=""md""><p>All it takes is one call. It&#39;s our internet. </p>

<p><strong><a href=""https://www.battleforthenet.com/"">https://www.battleforthenet.com/</a></strong></p>

<p><strong><a href=""https://www.battleforthenet.com/"">https://www.battleforthenet.com/</a></strong></p>

<p><strong><a href=""https://www.battleforthenet.com/"">https://www.battleforthenet.com/</a></strong></p>

<p><strong><a href=""https://www.battleforthenet.com/"">https://www.battleforthenet.com/</a></strong></p>

<p><strong><a href=""https://www.battleforthenet.com/"">https://www.battleforthenet.com/</a></strong></p>

<p><strong><a href=""https://www.battleforthenet.com/"">https://www.battleforthenet.com/</a></strong></p>

<p><strong><a href=""https://www.battleforthenet.com/"">https://www.battleforthenet.com/</a></strong></p>

<p>EDIT: thank you for my first gold(s) kind strangers. All I want is for people to be aware and take action, not spend money on me.</p>
</div><!-- SC_ON -->",,,,,,True,False,False,False,False,"{'images': [{'source': {'url': 'https://external-preview.redd.it/OI-pOJrYMxOfThzgGA5RlVs7-5D5fUbnb5SaySPcDVc.jpg?auto=webp&s=59685e7c312bab3768df694817a29dd92786fefd', 'width': 1024, 'height': 512}, 'resolutions': [{'url': 'https://external-preview.redd.it/OI-pOJrYMxOfThzgGA5RlVs7-5D5fUbnb5SaySPcDVc.jpg?width=108&crop=smart&auto=webp&s=f0683287e7cdccde36060629b9c8ca91087b68e9', 'width': 108, 'height': 54}, {'url': 'https://external-preview.redd.it/OI-pOJrYMxOfThzgGA5RlVs7-5D5fUbnb5SaySPcDVc.jpg?width=216&crop=smart&auto=webp&s=02205fb9f77432868200caf1f293dde6eea49ed2', 'width': 216, 'height': 108}, {'url': 'https://external-preview.redd.it/OI-pOJrYMxOfThzgGA5RlVs7-5D5fUbnb5SaySPcDVc.jpg?width=320&crop=smart&auto=webp&s=7c42b6ab28cbf5caf95c6187a77915d639ebd36e', 'width': 320, 'height': 160}, {'url': 'https://external-preview.redd.it/OI-pOJrYMxOfThzgGA5RlVs7-5D5fUbnb5SaySPcDVc.jpg?width=640&crop=smart&auto=webp&s=c33648ff32631d055378bb83b11e59a550961edc', 'width': 640, 'height': 320}, {'url': 'https://external-preview.redd.it/OI-pOJrYMxOfThzgGA5RlVs7-5D5fUbnb5SaySPcDVc.jpg?width=960&crop=smart&auto=webp&s=25ca17322c243f716cb31d9027dc492b69cbdd3d', 'width': 960, 'height': 480}], 'variants': {}, 'id': 'VGkVy9tEc8YgbQtGFKKXcxo6mCDKFQAB6VUK-Bet1tA'}], 'enabled': False}",[],[],False,,False,False,False,,[],False,,,,t5_2qh16,False,,,,,7dwqv6,True,,Boredomis_real,,2514,True,False,[],False,,/r/technology/comments/7dwqv6/if_reddit_was_half_as_verbal_about_net_neutrality/,False,https://www.reddit.com/r/technology/comments/7dwqv6/if_reddit_was_half_as_verbal_about_net_neutrality/,18370912,2017-11-18 23:44:27,2,,False,False,{},{},,
2048,confidence,<praw.reddit.Reddit object at 0x7f766a0ad3a0>,,technology,"Fight for the Future has received [a cease and desist order](http://imgur.com/a/BI7YZ) from Comcast’s lawyers, claiming that [Comcastroturf.com](http://comcastroturf.com) - a pro-net neutrality site encouraging Internet users to investigate an astroturfing campaign possibly funded by the cable lobby - violates Comcast’s ""valuable intellectual property."" The letter threatens legal action if the domain is not transferred to Comcast’s control.

The notice is ironic, in that it’s a perfect example of why we need Title II based net neutrality protections that ban ISPs from blocking or throttling content. 

**If the FCC’s current proposal is enacted, there would be nothing preventing Comcast from simply censoring this site -- or other sites critical of their corporate policies -- without even bothering with lawyers.**

The legal notice can be viewed [here](http://imgur.com/a/BI7YZ). It claims that [Comcastroturf.com](http://comcastroturf.com) violates the Anticybersquatting Consumer Protection Act and infringes on Comcast’s trademarks. Of course, these claims are legally baseless, since the site is clearly a form of First Amendment protected political speech and makes no attempt to impersonate Comcast. (See the case ""[Bosley Medical Institute vs. Kremer](https://en.wikipedia.org/wiki/Bosley_Medical_Institute,_Inc._v._Kremer)"" which held that a site critical of a company’s practices could not be considered trademark infringement, or the case Taubman vs. Webfeats, which decided that *sucks.com domain names—in this case taubmansucks.com—were free speech)

[Comcastroturf.com](http://comcastroturf.com) criticizes the cable lobby and encourages Internet users to search the Federal Communication Commission (FCC)’s docket to check if a fake comment was submitted using their name and address to attack Title II based net neutrality protections. It has been [widely reported](https://www.bna.com/fcc-set-move-n73014451155/) that more than 450,000 of these comments have been submitted to the FCC -- and as a result of the site at [Comcastroturf.com](http://comcastroturf.com), Fight for the Future [has heard](https://www.fightforthefuture.org/news/2017-05-18-fcc-ignores-growing-evidence-of-fraud-moves-ahead/) from dozens of people who say that anti-net neutrality comments were submitted using their personal information without their permission. We have connected individuals with Attorneys Generals and have called for the FCC act immediately to investigate this potential fraud.

Companies like Comcast have a long history of funding shady astroturfing operations like the one we are trying to expose with [Comcastroturf.com](http://comcastroturf.com), and also a long history of engaging in censorship. This is exactly why we need net neutrality rules, and why we can’t trust companies like Comcast to just ""behave"" when they have abused their power time and time again.

Fight for the Future has no intention of taking down [Comcastroturf.com](http://comcastroturf.com), and we would be happy to discuss the matter with Comcast in court.
",t2_9o9ip,False,,10,False,Comcast is trying to censor our pro-net neutrality website that calls for an investigation into fake FCC comments potentially funded by the cable lobby,[],r/technology,False,6,netneutrality,0,,,False,t3_6cvg82,False,,0.93,,114343,0,{},,,False,[],,False,False,,{},Net Neutrality,False,114343,,False,False,self,False,,[],{},self,,True,public,1495554201.0,text,6,,,text,self.technology,True,"<!-- SC_OFF --><div class=""md""><p>Fight for the Future has received <a href=""http://imgur.com/a/BI7YZ"">a cease and desist order</a> from Comcast’s lawyers, claiming that <a href=""http://comcastroturf.com"">Comcastroturf.com</a> - a pro-net neutrality site encouraging Internet users to investigate an astroturfing campaign possibly funded by the cable lobby - violates Comcast’s &quot;valuable intellectual property.&quot; The letter threatens legal action if the domain is not transferred to Comcast’s control.</p>

<p>The notice is ironic, in that it’s a perfect example of why we need Title II based net neutrality protections that ban ISPs from blocking or throttling content. </p>

<p><strong>If the FCC’s current proposal is enacted, there would be nothing preventing Comcast from simply censoring this site -- or other sites critical of their corporate policies -- without even bothering with lawyers.</strong></p>

<p>The legal notice can be viewed <a href=""http://imgur.com/a/BI7YZ"">here</a>. It claims that <a href=""http://comcastroturf.com"">Comcastroturf.com</a> violates the Anticybersquatting Consumer Protection Act and infringes on Comcast’s trademarks. Of course, these claims are legally baseless, since the site is clearly a form of First Amendment protected political speech and makes no attempt to impersonate Comcast. (See the case &quot;<a href=""https://en.wikipedia.org/wiki/Bosley_Medical_Institute,_Inc._v._Kremer"">Bosley Medical Institute vs. Kremer</a>&quot; which held that a site critical of a company’s practices could not be considered trademark infringement, or the case Taubman vs. Webfeats, which decided that *sucks.com domain names—in this case taubmansucks.com—were free speech)</p>

<p><a href=""http://comcastroturf.com"">Comcastroturf.com</a> criticizes the cable lobby and encourages Internet users to search the Federal Communication Commission (FCC)’s docket to check if a fake comment was submitted using their name and address to attack Title II based net neutrality protections. It has been <a href=""https://www.bna.com/fcc-set-move-n73014451155/"">widely reported</a> that more than 450,000 of these comments have been submitted to the FCC -- and as a result of the site at <a href=""http://comcastroturf.com"">Comcastroturf.com</a>, Fight for the Future <a href=""https://www.fightforthefuture.org/news/2017-05-18-fcc-ignores-growing-evidence-of-fraud-moves-ahead/"">has heard</a> from dozens of people who say that anti-net neutrality comments were submitted using their personal information without their permission. We have connected individuals with Attorneys Generals and have called for the FCC act immediately to investigate this potential fraud.</p>

<p>Companies like Comcast have a long history of funding shady astroturfing operations like the one we are trying to expose with <a href=""http://comcastroturf.com"">Comcastroturf.com</a>, and also a long history of engaging in censorship. This is exactly why we need net neutrality rules, and why we can’t trust companies like Comcast to just &quot;behave&quot; when they have abused their power time and time again.</p>

<p>Fight for the Future has no intention of taking down <a href=""http://comcastroturf.com"">Comcastroturf.com</a>, and we would be happy to discuss the matter with Comcast in court.</p>
</div><!-- SC_ON -->",,,,,,True,False,False,False,False,"{'images': [{'source': {'url': 'https://external-preview.redd.it/CbLwjzZbNAen-KB5lJ4aYQB2d0zy6oaEVAmiCDbZmZY.jpg?auto=webp&s=cd347f6f8228b762060bdf56e3a47b2c912378d2', 'width': 1184, 'height': 687}, 'resolutions': [{'url': 'https://external-preview.redd.it/CbLwjzZbNAen-KB5lJ4aYQB2d0zy6oaEVAmiCDbZmZY.jpg?width=108&crop=smart&auto=webp&s=80a0aa3eafe01c12f6862ca7c0c3a2d092a7ebac', 'width': 108, 'height': 62}, {'url': 'https://external-preview.redd.it/CbLwjzZbNAen-KB5lJ4aYQB2d0zy6oaEVAmiCDbZmZY.jpg?width=216&crop=smart&auto=webp&s=1384a96459ebc20a23022f422b9f3cde7d02c09a', 'width': 216, 'height': 125}, {'url': 'https://external-preview.redd.it/CbLwjzZbNAen-KB5lJ4aYQB2d0zy6oaEVAmiCDbZmZY.jpg?width=320&crop=smart&auto=webp&s=f3641ddd66030e6474090c3d0c3966d4bbd26d92', 'width': 320, 'height': 185}, {'url': 'https://external-preview.redd.it/CbLwjzZbNAen-KB5lJ4aYQB2d0zy6oaEVAmiCDbZmZY.jpg?width=640&crop=smart&auto=webp&s=bda7e60344ff492b0f312d3e0e93e7d3598fcfd6', 'width': 640, 'height': 371}, {'url': 'https://external-preview.redd.it/CbLwjzZbNAen-KB5lJ4aYQB2d0zy6oaEVAmiCDbZmZY.jpg?width=960&crop=smart&auto=webp&s=4399df800f2b4067ef76f264712ba6a78d6d495a', 'width': 960, 'height': 557}, {'url': 'https://external-preview.redd.it/CbLwjzZbNAen-KB5lJ4aYQB2d0zy6oaEVAmiCDbZmZY.jpg?width=1080&crop=smart&auto=webp&s=0d420e4dc9a0768b109e088fa8720a974eb2b561', 'width': 1080, 'height': 626}], 'variants': {}, 'id': 'IaC5lxSKwE5dUgId8wQd3PKqsjxsgvzV3H2ryAEmtE4'}], 'enabled': False}",[],[],False,,False,False,False,,[],False,,,,t5_2qh16,False,,,,,6cvg82,True,,evanFFTF,,2475,True,False,[],False,,/r/technology/comments/6cvg82/comcast_is_trying_to_censor_our_pronet_neutrality/,False,https://www.reddit.com/r/technology/comments/6cvg82/comcast_is_trying_to_censor_our_pronet_neutrality/,18370912,2017-05-23 15:43:21,0,,False,False,{},{},,
